{"stats":{"minecraft:picked_up":{"minecraft:fishing_rod":1,"solarcraft:solar_lexicon":1,"minecraft:item_frame":2,"apotheosis:gem":2,"minecraft:cyan_carpet":2,"minecraft:water_bucket":2,"patchouli:guide_book":2,"minecraft:diamond":3,"ars_nouveau:worn_notebook":1,"theoneprobe:probenote":1,"minecraft:enchanted_book":3,"minecraft:emerald":3,"alexsmobs:animal_dictionary":1},"minecraft:used":{"minecraft:chainmail_boots":1},"minecraft:custom":{"minecraft:time_since_rest":1504,"minecraft:crouch_one_cm":107,"minecraft:sprint_one_cm":32187,"lootr:looted_stat":4,"minecraft:play_time":7793,"minecraft:damage_taken":669,"minecraft:deaths":2,"minecraft:walk_one_cm":19092,"minecraft:sneak_time":17,"minecraft:walk_under_water_one_cm":286,"minecraft:jump":160,"minecraft:damage_dealt":21,"minecraft:leave_game":2,"minecraft:walk_on_water_one_cm":259,"minecraft:time_since_death":1474,"minecraft:total_world_time":7793,"minecraft:interact_with_crafting_table":1,"minecraft:fall_one_cm":5163,"minecraft:fly_one_cm":47261},"minecraft:killed_by":{"born_in_chaos_v1:door_knight":1,"minecraft:zombie":1},"minecraft:mined":{"minecraft:bookshelf":1,"minecraft:cyan_carpet":1}},"DataVersion":3465}