{"stats":{"minecraft:picked_up":{"minecraft:fishing_rod":1,"minecraft:ladder":1,"born_in_chaos_v1:seedof_chaos":1,"minecraft:enchanted_book":3,"minecraft:stone_brick_stairs":3,"minecraft:chain":1,"minecraft:shield":3,"darkestsouls:kukri":1,"minecraft:string":4,"minecraft:waxed_cut_copper_slab":1,"minecraft:item_frame":3,"minecraft:armor_stand":1,"minecraft:cyan_carpet":2,"irons_spellbooks:arcane_essence":4,"minecraft:spruce_planks":3,"born_in_chaos_v1:gnawed_bones":1,"irons_spellbooks:epic_ink":1,"minecraft:iron_nugget":6,"minecraft:spruce_slab":1,"solarcraft:solar_lexicon":1,"minecraft:tipped_arrow":1,"minecraft:stick":4,"apotheosis:gem":12,"born_in_chaos_v1:shattered_skull":1,"darkestsouls:soul_fragment":5,"darkestsouls:torn_cloth_piece":3,"minecraft:acacia_log":1,"minecraft:spruce_stairs":1,"minecraft:arrow":15,"minecraft:tube_coral":1,"minecraft:rotten_flesh":6,"minecraft:diamond_chestplate":1,"simplyswords:diamond_halberd":1,"minecraft:tropical_fish":1,"ars_nouveau:worn_notebook":1,"duckensinvasion:duck_feather":4,"minecraft:carved_pumpkin":2,"born_in_chaos_v1:spiny_shell":1,"regions_unexplored:alpha_log":1,"minecraft:iron_bars":1,"minecraft:snowball":16,"minecraft:cobblestone":11,"born_in_chaos_v1:corpse_maggot":9,"minecraft:oxidized_cut_copper_stairs":1,"minecraft:water_bucket":2,"realmrpg_creep:creeping_sprout":5,"darkestsouls:battle_axe":1,"minecraft:gunpowder":4,"minecraft:dirt":14,"minecraft:paper":1,"minecraft:weathered_cut_copper":1,"born_in_chaos_v1:monster_skin":1,"minecraft:bone":14,"minecraft:stone_bricks":2,"minecraft:bow":2,"theoneprobe:probenote":1,"minecraft:iron_sword":1,"minecraft:book":3,"irons_spellbooks:frozen_bone":1,"minecraft:sweet_berries":33,"patchouli:guide_book":2,"minecraft:stone_brick_slab":1,"born_in_chaos_v1:ethereal_spirit":5,"minecraft:weathered_copper":1,"minecraft:gravel":1,"minecraft:spruce_sapling":10,"minecraft:nether_brick_slab":1,"minecraft:spruce_log":16,"minecraft:mossy_stone_brick_slab":1,"minecraft:spider_eye":1,"alexsmobs:animal_dictionary":1,"lootbag:loot_bag":1,"minecraft:pumpkin_seeds":1,"minecraft:diamond":3,"minecraft:soul_lantern":1,"minecraft:iron_helmet":1,"minecraft:emerald":54,"darkestsouls:small_soul_fragment":12,"darkestsouls:torn_leather_scrap":1,"minecraft:ender_pearl":2},"minecraft:used":{"minecraft:flint_and_steel":1,"minecraft:ladder":1,"minecraft:spruce_planks":10,"minecraft:iron_sword":21,"minecraft:dirt":12,"minecraft:obsidian":2,"minecraft:spruce_boat":3,"minecraft:packed_ice":3,"minecraft:wooden_axe":5,"minecraft:lava_bucket":4,"minecraft:sweet_berries":39,"minecraft:iron_leggings":1,"minecraft:water_bucket":7,"minecraft:diamond_boots":1,"minecraft:bundle":2,"minecraft:ender_pearl":2,"simplyswords:diamond_halberd":146,"minecraft:cookie":2,"minecraft:golden_apple":1,"darkestsouls:battle_axe":6,"minecraft:crafting_table":3,"minecraft:apple":4,"minecraft:string":1,"minecraft:iron_pickaxe":51,"minecraft:bread":18,"minecraft:fishing_rod":2,"minecraft:diamond_sword":164,"minecraft:cobblestone":5,"minecraft:chainmail_boots":1,"minecraft:bucket":11},"minecraft:killed":{"darkestsouls:gravetender_hollow_longsword":2,"duckensinvasion:footsoldier_duck":2,"darkestsouls:church_doctor":2,"irons_spellbooks:summoned_zombie":4,"born_in_chaos_v1:restless_spirit":3,"born_in_chaos_v1:zombie_lumberjack":1,"realmrpg_creep:halloweed":3,"born_in_chaos_v1:skeleton_demoman":1,"minecraft:spider":4,"duckensinvasion:duck_raid":1,"born_in_chaos_v1:maggot":9,"minecraft:skeleton":5,"duckensinvasion:armoured_duck":6,"darkestsouls:beast_patient":2,"duckensinvasion:commaner_duckfighting":1,"darkestsouls:hollow_longsword":1,"irons_spellbooks:summoned_skeleton":1,"darkestsouls:hollow_assassin":3,"born_in_chaos_v1:barrel_zombie":1,"born_in_chaos_v1:spiritof_chaos":1,"minecraft:magma_cube":4,"realmrpg_creep:creepling":3,"born_in_chaos_v1:baby_skeleton":2,"irons_spellbooks:necromancer":1,"darkestsouls:gravetender_hollow_broken_straightsword":3,"minecraft:creeper":4,"born_in_chaos_v1:decrepit_skeleton":3,"darkestsouls:hollow_crossbow":6,"minecraft:zombie":2,"born_in_chaos_v1:dread_hound":1,"born_in_chaos_v1:corpse_fly":1,"minecraft:stray":2,"darkestsouls:cloaked_beast_patient":2,"darkestsouls:hollow_axe":4},"minecraft:dropped":{"minecraft:enchanted_book":1,"minecraft:water_bucket":1,"minecraft:ender_pearl":2,"regions_unexplored:alpha_log":1,"darkestsouls:small_soul_fragment":2,"minecraft:cobblestone":3,"minecraft:book":3,"minecraft:acacia_log":1,"minecraft:music_disc_13":1,"minecraft:item_frame":2,"minecraft:stick":1,"minecraft:emerald":51,"ars_nouveau:worn_notebook":1,"born_in_chaos_v1:gnawed_bones":1,"minecraft:packed_ice":5,"born_in_chaos_v1:monster_skin":1,"minecraft:snowball":16,"irons_spellbooks:epic_ink":1,"theoneprobe:probenote":1,"irons_spellbooks:arcane_essence":4,"minecraft:paper":1,"irons_spellbooks:frozen_bone":1,"minecraft:string":8,"minecraft:music_disc_cat":1,"minecraft:bone":13,"minecraft:spruce_sapling":10,"minecraft:cyan_carpet":1,"minecraft:armor_stand":1,"minecraft:waxed_cut_copper_slab":1,"minecraft:snow_block":6,"minecraft:gravel":1,"minecraft:nether_brick_slab":1,"alexsmobs:animal_dictionary":1,"darkestsouls:torn_cloth_piece":3,"minecraft:soul_lantern":1,"born_in_chaos_v1:ethereal_spirit":4,"minecraft:name_tag":1,"patchouli:guide_book":2,"minecraft:tipped_arrow":1,"born_in_chaos_v1:seedof_chaos":1,"minecraft:gunpowder":5,"realmrpg_creep:creeping_sprout":4,"minecraft:spruce_planks":2,"darkestsouls:torn_leather_scrap":1,"minecraft:beetroot_seeds":3,"born_in_chaos_v1:corpse_maggot":5,"minecraft:blue_ice":7,"apotheosis:gem":8,"minecraft:carved_pumpkin":2,"minecraft:stone_bricks":1,"minecraft:spider_eye":1,"regions_unexplored:tall_hyacinth_stock":6,"minecraft:arrow":7,"minecraft:bow":1,"solarcraft:solar_lexicon":2,"darkestsouls:soul_fragment":3},"minecraft:crafted":{"minecraft:diamond_boots":1,"minecraft:spruce_boat":3,"minecraft:diamond_sword":1,"minecraft:crafting_table":3,"minecraft:spruce_planks":60,"minecraft:stick":4,"minecraft:iron_pickaxe":1,"minecraft:wooden_axe":1},"minecraft:custom":{"lootr:looted_stat":16,"minecraft:mob_kills":92,"minecraft:interact_with_crafting_table":5,"minecraft:open_barrel":14,"minecraft:damage_dealt_resisted":906,"minecraft:leave_game":5,"minecraft:time_since_death":4080,"minecraft:climb_one_cm":310,"minecraft:damage_resisted":0,"minecraft:sprint_one_cm":216166,"minecraft:walk_one_cm":354966,"minecraft:drop":76,"minecraft:talked_to_villager":1,"minecraft:play_time":83876,"minecraft:sneak_time":2504,"minecraft:deaths":10,"minecraft:walk_under_water_one_cm":6326,"minecraft:jump":1277,"minecraft:interact_with_blast_furnace":2,"minecraft:walk_on_water_one_cm":7205,"minecraft:total_world_time":83876,"minecraft:sleep_in_bed":1,"minecraft:time_since_rest":2781,"minecraft:damage_taken":4040,"minecraft:damage_absorbed":41,"minecraft:damage_dealt":25293,"minecraft:swim_one_cm":218,"minecraft:fly_one_cm":263759,"minecraft:open_chest":2,"minecraft:crouch_one_cm":7270,"minecraft:fall_one_cm":19039},"minecraft:killed_by":{"minecraft:husk":1,"minecraft:creeper":1,"darkestsouls:cloaked_beast_patient":1,"darkestsouls:ashen_blood_beast_patient":1,"minecraft:vindicator":1,"minecraft:blaze":1,"minecraft:zombie":2,"born_in_chaos_v1:door_knight":1},"minecraft:mined":{"minecraft:waxed_cut_copper_slab":1,"minecraft:spruce_planks":4,"minecraft:ladder":1,"minecraft:weathered_copper":1,"regions_unexplored:alpha_log":1,"minecraft:spawner":4,"treechop:chopped_log":1,"minecraft:bookshelf":2,"minecraft:packed_ice":20,"minecraft:spruce_slab":1,"minecraft:tripwire":1,"minecraft:powder_snow":6,"ecologics:thin_ice":1,"minecraft:oxidized_cut_copper_stairs":1,"minecraft:nether_brick_slab":1,"minecraft:cobblestone":19,"minecraft:spruce_stairs":1,"realmrpg_skeletons:bow_skeleton":1,"regions_unexplored:alpha_grass_block":13,"minecraft:sweet_berry_bush":17,"minecraft:ice":5,"minecraft:spruce_log":2,"minecraft:weathered_cut_copper":1,"minecraft:stone_brick_stairs":3,"minecraft:gravel":1,"minecraft:cyan_carpet":1,"minecraft:dirt":2,"regions_unexplored:alpha_leaves":9,"minecraft:stone_bricks":1}},"DataVersion":3465}