{"stats":{"minecraft:mined":{"minecraft:bamboo":3,"regions_unexplored:bamboo_leaves":2},"minecraft:picked_up":{"minecraft:bamboo":3},"minecraft:custom":{"minecraft:jump":38,"minecraft:time_since_rest":1803,"minecraft:leave_game":1,"minecraft:damage_dealt":20,"minecraft:crouch_one_cm":170,"minecraft:sprint_one_cm":5335,"minecraft:play_time":1803,"minecraft:damage_taken":40,"minecraft:time_since_death":1803,"minecraft:walk_one_cm":3585,"minecraft:sneak_time":155,"minecraft:total_world_time":1803,"minecraft:fall_one_cm":3131,"minecraft:fly_one_cm":7210}},"DataVersion":3465}