{"stats":{"minecraft:picked_up":{"minecraft:fishing_rod":1,"born_in_chaos_v1:seedof_chaos":1,"minecraft:enchanted_book":3,"minecraft:stone_brick_stairs":3,"minecraft:chain":1,"darkestsouls:kukri":1,"minecraft:string":4,"minecraft:waxed_cut_copper_slab":1,"minecraft:item_frame":3,"minecraft:armor_stand":1,"minecraft:cyan_carpet":2,"irons_spellbooks:arcane_essence":4,"minecraft:spruce_planks":3,"born_in_chaos_v1:gnawed_bones":1,"irons_spellbooks:epic_ink":1,"minecraft:iron_nugget":6,"minecraft:spruce_slab":1,"minecraft:tipped_arrow":1,"solarcraft:solar_lexicon":1,"minecraft:stick":4,"apotheosis:gem":12,"born_in_chaos_v1:shattered_skull":1,"darkestsouls:soul_fragment":4,"darkestsouls:torn_cloth_piece":2,"minecraft:acacia_log":1,"minecraft:spruce_stairs":1,"minecraft:tube_coral":1,"minecraft:arrow":12,"minecraft:diamond_chestplate":1,"minecraft:rotten_flesh":6,"minecraft:tropical_fish":1,"ars_nouveau:worn_notebook":1,"minecraft:carved_pumpkin":2,"born_in_chaos_v1:spiny_shell":1,"minecraft:snowball":16,"born_in_chaos_v1:corpse_maggot":9,"minecraft:oxidized_cut_copper_stairs":1,"minecraft:water_bucket":2,"realmrpg_creep:creeping_sprout":3,"darkestsouls:battle_axe":1,"minecraft:paper":1,"minecraft:weathered_cut_copper":1,"born_in_chaos_v1:monster_skin":1,"minecraft:bone":10,"minecraft:stone_bricks":1,"minecraft:bow":1,"theoneprobe:probenote":1,"minecraft:iron_sword":1,"minecraft:book":3,"irons_spellbooks:frozen_bone":1,"minecraft:sweet_berries":33,"patchouli:guide_book":2,"born_in_chaos_v1:ethereal_spirit":5,"minecraft:gravel":1,"minecraft:weathered_copper":1,"minecraft:spruce_sapling":10,"minecraft:nether_brick_slab":1,"minecraft:spruce_log":16,"alexsmobs:animal_dictionary":1,"minecraft:spider_eye":1,"lootbag:loot_bag":1,"minecraft:diamond":3,"minecraft:soul_lantern":1,"minecraft:emerald":54,"darkestsouls:small_soul_fragment":10},"minecraft:used":{"minecraft:spruce_planks":10,"minecraft:iron_sword":21,"minecraft:spruce_boat":3,"minecraft:wooden_axe":5,"minecraft:packed_ice":3,"minecraft:sweet_berries":39,"minecraft:iron_leggings":1,"minecraft:diamond_boots":1,"minecraft:bundle":2,"minecraft:ender_pearl":1,"simplyswords:diamond_halberd":43,"minecraft:cookie":2,"minecraft:crafting_table":3,"minecraft:apple":2,"minecraft:bread":17,"minecraft:string":1,"minecraft:iron_pickaxe":32,"minecraft:diamond_sword":164,"minecraft:fishing_rod":2,"minecraft:chainmail_boots":1},"minecraft:killed":{"darkestsouls:hollow_axe":3,"darkestsouls:gravetender_hollow_longsword":2,"darkestsouls:church_doctor":2,"irons_spellbooks:summoned_zombie":4,"born_in_chaos_v1:restless_spirit":3,"born_in_chaos_v1:zombie_lumberjack":1,"realmrpg_creep:halloweed":1,"minecraft:spider":4,"born_in_chaos_v1:maggot":9,"minecraft:skeleton":3,"irons_spellbooks:summoned_skeleton":1,"darkestsouls:hollow_assassin":3,"born_in_chaos_v1:barrel_zombie":1,"born_in_chaos_v1:spiritof_chaos":1,"realmrpg_creep:creepling":3,"born_in_chaos_v1:baby_skeleton":2,"irons_spellbooks:necromancer":1,"darkestsouls:gravetender_hollow_broken_straightsword":2,"minecraft:creeper":1,"born_in_chaos_v1:decrepit_skeleton":3,"darkestsouls:hollow_crossbow":5,"minecraft:zombie":2,"born_in_chaos_v1:dread_hound":1,"born_in_chaos_v1:corpse_fly":1,"minecraft:stray":2,"darkestsouls:cloaked_beast_patient":2},"minecraft:dropped":{"minecraft:enchanted_book":1,"minecraft:ender_pearl":2,"darkestsouls:small_soul_fragment":2,"minecraft:book":3,"minecraft:acacia_log":1,"minecraft:stick":1,"minecraft:item_frame":2,"minecraft:music_disc_13":1,"minecraft:emerald":51,"born_in_chaos_v1:gnawed_bones":1,"ars_nouveau:worn_notebook":1,"minecraft:packed_ice":5,"born_in_chaos_v1:monster_skin":1,"minecraft:snowball":16,"irons_spellbooks:epic_ink":1,"theoneprobe:probenote":1,"irons_spellbooks:arcane_essence":4,"minecraft:paper":1,"minecraft:string":8,"irons_spellbooks:frozen_bone":1,"minecraft:music_disc_cat":1,"minecraft:armor_stand":1,"minecraft:spruce_sapling":10,"minecraft:cyan_carpet":1,"minecraft:bone":13,"minecraft:waxed_cut_copper_slab":1,"minecraft:snow_block":6,"minecraft:gravel":1,"minecraft:nether_brick_slab":1,"alexsmobs:animal_dictionary":1,"darkestsouls:torn_cloth_piece":2,"minecraft:soul_lantern":1,"born_in_chaos_v1:ethereal_spirit":4,"minecraft:name_tag":1,"patchouli:guide_book":2,"minecraft:tipped_arrow":1,"born_in_chaos_v1:seedof_chaos":1,"minecraft:gunpowder":5,"minecraft:spruce_planks":2,"realmrpg_creep:creeping_sprout":2,"born_in_chaos_v1:corpse_maggot":5,"minecraft:blue_ice":7,"minecraft:beetroot_seeds":3,"apotheosis:gem":8,"minecraft:carved_pumpkin":2,"minecraft:spider_eye":1,"regions_unexplored:tall_hyacinth_stock":6,"minecraft:arrow":5,"minecraft:bow":1,"solarcraft:solar_lexicon":2,"darkestsouls:soul_fragment":2,"minecraft:water_bucket":1},"minecraft:crafted":{"minecraft:diamond_boots":1,"minecraft:spruce_boat":3,"minecraft:diamond_sword":1,"minecraft:crafting_table":3,"minecraft:spruce_planks":60,"minecraft:stick":4,"minecraft:iron_pickaxe":1,"minecraft:wooden_axe":1},"minecraft:custom":{"lootr:looted_stat":11,"minecraft:mob_kills":63,"minecraft:interact_with_crafting_table":5,"minecraft:open_barrel":14,"minecraft:damage_dealt_resisted":417,"minecraft:leave_game":4,"minecraft:time_since_death":26176,"minecraft:damage_resisted":0,"minecraft:sprint_one_cm":172162,"minecraft:walk_one_cm":245769,"minecraft:drop":68,"minecraft:talked_to_villager":1,"minecraft:play_time":62768,"minecraft:deaths":9,"minecraft:sneak_time":2249,"minecraft:walk_under_water_one_cm":6318,"minecraft:jump":1013,"minecraft:interact_with_blast_furnace":2,"minecraft:walk_on_water_one_cm":5629,"minecraft:total_world_time":62768,"minecraft:time_since_rest":26203,"minecraft:damage_taken":3611,"minecraft:damage_dealt":14229,"minecraft:swim_one_cm":218,"minecraft:fly_one_cm":239088,"minecraft:open_chest":2,"minecraft:crouch_one_cm":6914,"minecraft:fall_one_cm":16087},"minecraft:killed_by":{"minecraft:husk":1,"minecraft:creeper":1,"darkestsouls:cloaked_beast_patient":1,"darkestsouls:ashen_blood_beast_patient":1,"minecraft:vindicator":1,"minecraft:zombie":2,"born_in_chaos_v1:door_knight":1},"minecraft:mined":{"minecraft:waxed_cut_copper_slab":1,"minecraft:spruce_planks":4,"minecraft:weathered_copper":1,"minecraft:spawner":4,"treechop:chopped_log":1,"minecraft:bookshelf":2,"minecraft:packed_ice":20,"minecraft:spruce_slab":1,"minecraft:tripwire":1,"ecologics:thin_ice":1,"minecraft:oxidized_cut_copper_stairs":1,"minecraft:powder_snow":6,"minecraft:nether_brick_slab":1,"minecraft:spruce_stairs":1,"realmrpg_skeletons:bow_skeleton":1,"minecraft:sweet_berry_bush":17,"minecraft:ice":5,"minecraft:spruce_log":2,"minecraft:weathered_cut_copper":1,"minecraft:stone_brick_stairs":3,"minecraft:gravel":1,"minecraft:cyan_carpet":1,"regions_unexplored:alpha_leaves":2,"minecraft:stone_bricks":1}},"DataVersion":3465}