{"stats":{"minecraft:killed_by":{"minecraft:husk":1,"minecraft:zombified_piglin":2,"minecraft:creeper":1,"darkestsouls:cloaked_beast_patient":1,"alexsmobs:straddler":1,"darkestsouls:ashen_blood_beast_patient":1,"minecraft:vindicator":1,"monsterplus:mother_lava_squid":1,"minecraft:blaze":2,"minecraft:zombie":3,"born_in_chaos_v1:door_knight":1},"minecraft:crafted":{"minecraft:iron_axe":1,"minecraft:chest":7,"minecraft:diamond_boots":1,"minecraft:spruce_boat":3,"regions_unexplored:alpha_planks":128,"minecraft:diamond_sword":1,"minecraft:crafting_table":5,"minecraft:spruce_planks":60,"minecraft:mangrove_planks":8,"minecraft:oak_boat":6,"minecraft:stick":12,"minecraft:iron_pickaxe":1,"minecraft:wooden_axe":1,"minecraft:torch":32},"minecraft:mined":{"minecraft:spruce_planks":4,"minecraft:ladder":1,"minecraft:weathered_copper":1,"regions_unexplored:alpha_log":1,"minecraft:spawner":4,"minecraft:polished_blackstone_bricks":35,"minecraft:fire":5,"treechop:chopped_log":7,"minecraft:gold_block":1,"minecraft:bookshelf":2,"minecraft:packed_ice":20,"minecraft:stone":2,"minecraft:tripwire":1,"minecraft:spruce_slab":1,"minecraft:basalt":3,"regions_unexplored:mycotoxic_moss":6,"minecraft:powder_snow":6,"minecraft:oxidized_cut_copper_stairs":1,"ecologics:thin_ice":1,"minecraft:nether_brick_slab":1,"minecraft:cobblestone":19,"minecraft:spruce_stairs":1,"realmrpg_skeletons:bow_skeleton":1,"regions_unexplored:alpha_grass_block":15,"regions_unexplored:redstone_bud":1,"minecraft:sweet_berry_bush":17,"minecraft:ice":5,"minecraft:spruce_log":2,"minecraft:weathered_cut_copper":1,"realmrpg_skeletons:acrobat_skeleton":1,"minecraft:stone_brick_stairs":3,"minecraft:coal_ore":18,"minecraft:cyan_carpet":1,"minecraft:gravel":1,"minecraft:dirt":3,"regions_unexplored:alpha_leaves":11,"minecraft:stone_bricks":1,"minecraft:netherrack":24,"regions_unexplored:glistering_nylium":7,"regions_unexplored:mycotoxic_grass":1,"minecraft:waxed_cut_copper_slab":1},"minecraft:used":{"minecraft:flint_and_steel":1,"minecraft:chest":7,"minecraft:ladder":1,"minecraft:spruce_planks":10,"minecraft:iron_sword":21,"minecraft:shield":8,"minecraft:rotten_flesh":3,"minecraft:netherrack":10,"minecraft:torch":6,"minecraft:dirt":18,"minecraft:carrot":1,"born_in_chaos_v1:corpse_maggot":1,"minecraft:obsidian":2,"minecraft:spruce_boat":3,"minecraft:packed_ice":3,"minecraft:wooden_axe":5,"minecraft:lava_bucket":4,"minecraft:iron_axe":21,"minecraft:sweet_berries":39,"minecraft:iron_leggings":1,"minecraft:water_bucket":7,"minecraft:diamond_boots":1,"minecraft:bundle":2,"minecraft:ender_pearl":2,"simplyswords:diamond_halberd":536,"minecraft:polished_blackstone_bricks":33,"minecraft:cookie":5,"simplyswords:bramblethorn":73,"minecraft:golden_apple":1,"darkestsouls:battle_axe":28,"minecraft:crafting_table":5,"minecraft:apple":8,"minecraft:string":1,"minecraft:iron_pickaxe":149,"minecraft:bread":20,"minecraft:fishing_rod":2,"minecraft:diamond_sword":164,"minecraft:cobblestone":7,"minecraft:chainmail_boots":1,"minecraft:cooked_porkchop":6,"minecraft:bucket":11},"minecraft:picked_up":{"minecraft:fishing_rod":1,"minecraft:iron_chestplate":1,"regions_unexplored:mycotoxic_grass":2,"minecraft:chainmail_boots":1,"minecraft:ladder":1,"born_in_chaos_v1:seedof_chaos":1,"regions_unexplored:glistering_sprout":1,"minecraft:golden_shovel":1,"minecraft:gold_block":1,"minecraft:enchanted_book":3,"minecraft:stone_brick_stairs":3,"minecraft:chain":1,"darkestsouls:kukri":1,"minecraft:shield":4,"minecraft:golden_sword":2,"darkestsouls:beast_blood_clump":8,"minecraft:string":16,"minecraft:waxed_cut_copper_slab":1,"born_in_chaos_v1:intoxicating_decoction":2,"regions_unexplored:alpha_sapling":16,"minecraft:item_frame":3,"minecraft:armor_stand":1,"darkestsouls:rune_fragment":1,"minecraft:cyan_carpet":2,"irons_spellbooks:arcane_essence":4,"minecraft:gold_nugget":14,"minecraft:spruce_planks":3,"born_in_chaos_v1:gnawed_bones":1,"irons_spellbooks:epic_ink":1,"minecraft:iron_nugget":19,"minecraft:spruce_slab":1,"born_in_chaos_v1:stimulating_decoction":2,"minecraft:mangrove_log":2,"solarcraft:solar_lexicon":1,"minecraft:tipped_arrow":1,"minecraft:stick":19,"apotheosis:gem":18,"born_in_chaos_v1:shattered_skull":1,"darkestsouls:soul_fragment":12,"darkestsouls:torn_cloth_piece":8,"born_in_chaos_v1:phantom_powder":4,"minecraft:acacia_log":3,"minecraft:spruce_stairs":1,"alexsmobs:straddlite":1,"minecraft:polished_blackstone_bricks":33,"minecraft:cookie":3,"minecraft:trident":1,"minecraft:redstone":2,"regions_unexplored:redstone_bulb":1,"minecraft:arrow":18,"minecraft:tube_coral":1,"minecraft:rotten_flesh":85,"mokels_adventure:bloody_tear":2,"minecraft:diamond_chestplate":1,"simplyswords:diamond_halberd":2,"minecraft:tropical_fish":1,"darkestsouls:titanite_fragment":3,"ars_nouveau:worn_notebook":1,"minecraft:carved_pumpkin":4,"duckensinvasion:duck_feather":5,"born_in_chaos_v1:spiny_shell":1,"regions_unexplored:alpha_log":33,"minecraft:blaze_rod":10,"minecraft:iron_bars":1,"minecraft:snowball":16,"minecraft:blaze_powder":3,"minecraft:cobblestone":14,"born_in_chaos_v1:corpse_maggot":24,"minecraft:oxidized_cut_copper_stairs":1,"minecraft:basalt":7,"minecraft:water_bucket":2,"minecraft:leather":2,"realmrpg_creep:creeping_sprout":11,"regions_unexplored:alpha_rose":4,"darkestsouls:battle_axe":2,"minecraft:chainmail_chestplate":1,"darkestsouls:cinnabar":2,"minecraft:oak_log":2,"minecraft:gunpowder":6,"minecraft:dirt":45,"minecraft:paper":1,"minecraft:weathered_cut_copper":1,"born_in_chaos_v1:monster_skin":1,"minecraft:bone":30,"minecraft:stone_bricks":2,"minecraft:bow":3,"minecraft:iron_ingot":2,"theoneprobe:probenote":1,"darkestsouls:blood_stone_fragment":1,"darkestsouls:rusty_metal_scrap":1,"minecraft:iron_sword":2,"minecraft:book":3,"regions_unexplored:mycotoxic_mushrooms":4,"minecraft:cooked_porkchop":6,"irons_spellbooks:frozen_bone":1,"minecraft:sweet_berries":33,"patchouli:guide_book":2,"darkestsouls:rusty_mail_scrap":2,"minecraft:stone_brick_slab":1,"born_in_chaos_v1:ethereal_spirit":5,"minecraft:weathered_copper":1,"minecraft:gravel":1,"minecraft:spruce_sapling":10,"minecraft:spruce_log":16,"minecraft:nether_brick_slab":1,"minecraft:spider_eye":3,"minecraft:mossy_stone_brick_slab":1,"alexsmobs:animal_dictionary":1,"irons_spellbooks:blaze_spell_book":1,"lootbag:loot_bag":8,"minecraft:pumpkin_seeds":1,"minecraft:slime_ball":1,"minecraft:diamond":3,"minecraft:soul_lantern":1,"minecraft:chainmail_leggings":2,"minecraft:iron_helmet":1,"minecraft:chainmail_helmet":1,"minecraft:emerald":54,"darkestsouls:small_soul_fragment":17,"darkestsouls:torn_leather_scrap":2,"alexsmobs:maggot":1,"minecraft:netherrack":34,"minecraft:coal":19,"darkestsouls:throwing_knife":1,"minecraft:ender_pearl":2},"minecraft:custom":{"lootr:looted_stat":17,"minecraft:mob_kills":344,"minecraft:interact_with_crafting_table":11,"minecraft:open_barrel":14,"minecraft:damage_dealt_resisted":1487,"minecraft:leave_game":5,"minecraft:time_since_death":7196,"minecraft:climb_one_cm":1684,"minecraft:damage_resisted":0,"minecraft:walk_one_cm":785006,"minecraft:sprint_one_cm":406532,"minecraft:damage_blocked_by_shield":220,"minecraft:drop":94,"minecraft:talked_to_villager":1,"minecraft:play_time":162821,"minecraft:sneak_time":3874,"minecraft:deaths":17,"minecraft:walk_under_water_one_cm":6326,"minecraft:jump":2525,"minecraft:interact_with_blast_furnace":2,"minecraft:walk_on_water_one_cm":7205,"minecraft:total_world_time":162821,"spartanshields:shield_bash_hits":4,"minecraft:sleep_in_bed":4,"minecraft:time_since_rest":7227,"minecraft:damage_absorbed":41,"minecraft:damage_taken":6559,"minecraft:damage_dealt":71915,"minecraft:swim_one_cm":218,"minecraft:fly_one_cm":405063,"minecraft:open_chest":17,"minecraft:crouch_one_cm":12012,"minecraft:fall_one_cm":28458},"minecraft:dropped":{"minecraft:enchanted_book":1,"minecraft:water_bucket":1,"minecraft:ender_pearl":2,"regions_unexplored:alpha_log":1,"darkestsouls:small_soul_fragment":5,"minecraft:cobblestone":3,"minecraft:book":3,"minecraft:leather":1,"minecraft:acacia_log":1,"minecraft:music_disc_13":1,"minecraft:item_frame":2,"minecraft:stick":1,"minecraft:emerald":51,"born_in_chaos_v1:gnawed_bones":1,"ars_nouveau:worn_notebook":1,"minecraft:packed_ice":5,"born_in_chaos_v1:monster_skin":1,"minecraft:snowball":16,"regions_unexplored:glistering_sprout":1,"irons_spellbooks:epic_ink":1,"theoneprobe:probenote":1,"irons_spellbooks:arcane_essence":4,"irons_spellbooks:frozen_bone":1,"minecraft:paper":1,"minecraft:string":12,"minecraft:redstone":1,"minecraft:music_disc_cat":1,"minecraft:cyan_carpet":1,"minecraft:spruce_sapling":10,"minecraft:bone":14,"minecraft:armor_stand":1,"minecraft:waxed_cut_copper_slab":1,"minecraft:snow_block":6,"minecraft:gravel":1,"minecraft:nether_brick_slab":1,"darkestsouls:blood_stone_fragment":1,"minecraft:iron_nugget":7,"alexsmobs:animal_dictionary":1,"darkestsouls:torn_cloth_piece":3,"minecraft:soul_lantern":1,"born_in_chaos_v1:ethereal_spirit":4,"minecraft:name_tag":1,"patchouli:guide_book":2,"minecraft:tipped_arrow":1,"born_in_chaos_v1:seedof_chaos":1,"minecraft:gunpowder":5,"realmrpg_creep:creeping_sprout":6,"minecraft:spruce_planks":2,"darkestsouls:torn_leather_scrap":1,"minecraft:beetroot_seeds":3,"minecraft:blue_ice":7,"born_in_chaos_v1:corpse_maggot":15,"apotheosis:gem":8,"minecraft:carved_pumpkin":2,"minecraft:spider_eye":2,"minecraft:stone_bricks":1,"minecraft:slime_ball":1,"regions_unexplored:alpha_rose":4,"regions_unexplored:tall_hyacinth_stock":6,"minecraft:arrow":8,"minecraft:bow":1,"solarcraft:solar_lexicon":3,"darkestsouls:soul_fragment":3},"minecraft:killed":{"darkestsouls:hollow_axe":6,"darkestsouls:gravetender_hollow_longsword":3,"duckensinvasion:footsoldier_duck":2,"darkestsouls:church_doctor":4,"irons_spellbooks:summoned_zombie":4,"minecraft:zombified_piglin":29,"born_in_chaos_v1:restless_spirit":3,"mokels_adventure:vyde":3,"born_in_chaos_v1:zombie_lumberjack":3,"realmrpg_creep:halloweed":5,"born_in_chaos_v1:skeleton_demoman":1,"minecraft:spider":15,"darkestsouls:church_doctor_scythe":1,"duckensinvasion:duck_raid":1,"born_in_chaos_v1:maggot":20,"minecraft:skeleton":11,"darkestsouls:hollow_broken_straightsword":1,"duckensinvasion:armoured_duck":6,"darkestsouls:church_doctor_lantern":1,"realmrpg_wyrms:red_wyrm":1,"darkestsouls:beast_patient":5,"duckensinvasion:archer_duck":2,"alexsmobs:straddler":3,"duckensinvasion:commaner_duckfighting":1,"minecraft:piglin_brute":5,"darkestsouls:hollow_assassin":5,"irons_spellbooks:summoned_skeleton":1,"darkestsouls:hollow_longsword":3,"born_in_chaos_v1:barrel_zombie":1,"born_in_chaos_v1:spiritof_chaos":1,"minecraft:magma_cube":27,"minecraft:piglin":3,"minecraft:husk":1,"realmrpg_creep:creepling":5,"born_in_chaos_v1:baby_skeleton":3,"born_in_chaos_v1:swarmer":1,"born_in_chaos_v1:bone_imp":2,"alexsmobs:stradpole":4,"irons_spellbooks:necromancer":1,"minecraft:hoglin":6,"darkestsouls:gravetender_hollow_broken_straightsword":5,"minecraft:creeper":9,"born_in_chaos_v1:decrepit_skeleton":7,"born_in_chaos_v1:phantom_creeper_copy":1,"born_in_chaos_v1:bloody_gadfly":1,"darkestsouls:hollow_crossbow":11,"minecraft:zombie":50,"born_in_chaos_v1:dread_hound":1,"born_in_chaos_v1:corpse_fly":13,"minecraft:stray":2,"darkestsouls:cloaked_beast_patient":9,"alexsmobs:fly":2,"monsterplus:lava_squid":2,"minecraft:blaze":22}},"DataVersion":3465}