{"stats":{"minecraft:picked_up":{"minecraft:fishing_rod":1,"solarcraft:solar_lexicon":1,"minecraft:item_frame":3,"apotheosis:gem":3,"minecraft:cyan_carpet":2,"minecraft:water_bucket":2,"patchouli:guide_book":2,"minecraft:diamond":3,"minecraft:soul_lantern":1,"ars_nouveau:worn_notebook":1,"theoneprobe:probenote":1,"minecraft:enchanted_book":3,"minecraft:emerald":3,"alexsmobs:animal_dictionary":1,"minecraft:book":3},"minecraft:used":{"minecraft:chainmail_boots":1},"minecraft:custom":{"minecraft:time_since_rest":7245,"minecraft:crouch_one_cm":6269,"minecraft:sprint_one_cm":77475,"lootr:looted_stat":5,"minecraft:play_time":19793,"minecraft:damage_taken":954,"minecraft:deaths":3,"minecraft:walk_one_cm":51003,"minecraft:sneak_time":2087,"minecraft:walk_under_water_one_cm":3554,"minecraft:jump":285,"minecraft:damage_dealt":21,"minecraft:leave_game":2,"minecraft:walk_on_water_one_cm":726,"minecraft:time_since_death":7212,"minecraft:total_world_time":19793,"minecraft:swim_one_cm":218,"minecraft:interact_with_crafting_table":1,"minecraft:fall_one_cm":8215,"minecraft:fly_one_cm":72593},"minecraft:killed_by":{"born_in_chaos_v1:door_knight":1,"minecraft:zombie":2},"minecraft:mined":{"minecraft:bookshelf":2,"minecraft:cyan_carpet":1,"minecraft:ice":4,"minecraft:powder_snow":6}},"DataVersion":3465}