{"stats":{"minecraft:picked_up":{"born_in_chaos_v1:corpse_maggot":4,"minecraft:oxidized_cut_copper_stairs":1,"minecraft:water_bucket":2,"born_in_chaos_v1:seedof_chaos":1,"darkestsouls:battle_axe":1,"minecraft:enchanted_book":3,"darkestsouls:kukri":1,"minecraft:string":2,"minecraft:waxed_cut_copper_slab":1,"minecraft:weathered_cut_copper":1,"born_in_chaos_v1:monster_skin":1,"minecraft:armor_stand":1,"minecraft:item_frame":3,"minecraft:bone":8,"minecraft:cyan_carpet":2,"minecraft:bow":1,"minecraft:spruce_planks":3,"theoneprobe:probenote":1,"born_in_chaos_v1:gnawed_bones":1,"minecraft:iron_nugget":6,"minecraft:spruce_slab":1,"minecraft:book":3,"solarcraft:solar_lexicon":1,"minecraft:tipped_arrow":1,"minecraft:stick":4,"apotheosis:gem":4,"irons_spellbooks:frozen_bone":1,"darkestsouls:soul_fragment":4,"minecraft:sweet_berries":33,"darkestsouls:torn_cloth_piece":2,"patchouli:guide_book":2,"born_in_chaos_v1:ethereal_spirit":4,"minecraft:acacia_log":1,"minecraft:spruce_stairs":1,"minecraft:weathered_copper":1,"minecraft:spruce_sapling":10,"minecraft:spruce_log":16,"minecraft:nether_brick_slab":1,"minecraft:spider_eye":1,"alexsmobs:animal_dictionary":1,"lootbag:loot_bag":1,"minecraft:arrow":10,"minecraft:tube_coral":1,"minecraft:rotten_flesh":3,"minecraft:tropical_fish":1,"minecraft:diamond":3,"minecraft:soul_lantern":1,"ars_nouveau:worn_notebook":1,"minecraft:carved_pumpkin":1,"born_in_chaos_v1:spiny_shell":1,"minecraft:emerald":3,"darkestsouls:small_soul_fragment":10,"minecraft:snowball":16,"minecraft:fishing_rod":1},"minecraft:used":{"minecraft:diamond_boots":1,"minecraft:iron_sword":7,"minecraft:spruce_planks":9,"minecraft:ender_pearl":1,"minecraft:crafting_table":3,"minecraft:spruce_boat":3,"minecraft:packed_ice":3,"minecraft:wooden_axe":5,"minecraft:string":1,"minecraft:bread":3,"minecraft:iron_pickaxe":24,"minecraft:fishing_rod":2,"minecraft:diamond_sword":164,"minecraft:sweet_berries":39,"minecraft:chainmail_boots":1},"minecraft:killed":{"born_in_chaos_v1:barrel_zombie":1,"darkestsouls:hollow_axe":2,"darkestsouls:gravetender_hollow_longsword":1,"born_in_chaos_v1:spiritof_chaos":1,"darkestsouls:church_doctor":2,"realmrpg_creep:creepling":1,"born_in_chaos_v1:zombie_lumberjack":1,"born_in_chaos_v1:restless_spirit":2,"born_in_chaos_v1:baby_skeleton":2,"minecraft:spider":3,"darkestsouls:gravetender_hollow_broken_straightsword":1,"born_in_chaos_v1:decrepit_skeleton":1,"born_in_chaos_v1:maggot":3,"minecraft:skeleton":2,"darkestsouls:hollow_crossbow":5,"born_in_chaos_v1:dread_hound":1,"minecraft:stray":2,"darkestsouls:cloaked_beast_patient":2,"darkestsouls:hollow_assassin":3},"minecraft:dropped":{"minecraft:enchanted_book":1,"minecraft:snow_block":6,"minecraft:nether_brick_slab":1,"alexsmobs:animal_dictionary":1,"minecraft:ender_pearl":2,"darkestsouls:torn_cloth_piece":2,"darkestsouls:small_soul_fragment":2,"minecraft:soul_lantern":1,"born_in_chaos_v1:ethereal_spirit":4,"minecraft:book":3,"minecraft:name_tag":1,"minecraft:acacia_log":1,"patchouli:guide_book":2,"minecraft:music_disc_13":1,"minecraft:item_frame":2,"minecraft:stick":1,"ars_nouveau:worn_notebook":1,"minecraft:tipped_arrow":1,"born_in_chaos_v1:gnawed_bones":1,"born_in_chaos_v1:seedof_chaos":1,"minecraft:packed_ice":5,"minecraft:gunpowder":5,"born_in_chaos_v1:monster_skin":1,"minecraft:beetroot_seeds":3,"minecraft:blue_ice":7,"minecraft:snowball":16,"theoneprobe:probenote":1,"minecraft:carved_pumpkin":1,"minecraft:spider_eye":1,"minecraft:arrow":5,"minecraft:string":8,"solarcraft:solar_lexicon":1,"irons_spellbooks:frozen_bone":1,"minecraft:music_disc_cat":1,"minecraft:cyan_carpet":1,"minecraft:spruce_sapling":10,"minecraft:bone":11,"minecraft:armor_stand":1,"minecraft:waxed_cut_copper_slab":1,"darkestsouls:soul_fragment":2},"minecraft:crafted":{"minecraft:diamond_sword":1,"minecraft:crafting_table":3,"minecraft:spruce_planks":60,"minecraft:stick":4,"minecraft:iron_pickaxe":1,"minecraft:wooden_axe":1,"minecraft:diamond_boots":1,"minecraft:spruce_boat":3},"minecraft:custom":{"lootr:looted_stat":6,"minecraft:mob_kills":36,"minecraft:interact_with_crafting_table":5,"minecraft:open_barrel":4,"minecraft:damage_dealt_resisted":109,"minecraft:leave_game":4,"minecraft:time_since_death":14176,"minecraft:time_since_rest":14203,"minecraft:damage_taken":2792,"minecraft:walk_one_cm":184474,"minecraft:sprint_one_cm":158415,"minecraft:drop":46,"minecraft:damage_dealt":8957,"minecraft:swim_one_cm":218,"minecraft:fly_one_cm":232329,"minecraft:open_chest":2,"minecraft:crouch_one_cm":6749,"minecraft:play_time":50768,"minecraft:deaths":9,"minecraft:sneak_time":2199,"minecraft:walk_under_water_one_cm":6318,"minecraft:jump":887,"minecraft:interact_with_blast_furnace":2,"minecraft:walk_on_water_one_cm":5629,"minecraft:total_world_time":50768,"minecraft:fall_one_cm":14622},"minecraft:mined":{"minecraft:spruce_planks":4,"minecraft:powder_snow":6,"minecraft:oxidized_cut_copper_stairs":1,"ecologics:thin_ice":1,"minecraft:weathered_copper":1,"minecraft:nether_brick_slab":1,"minecraft:spruce_stairs":1,"realmrpg_skeletons:bow_skeleton":1,"minecraft:sweet_berry_bush":17,"minecraft:ice":5,"minecraft:spruce_log":2,"minecraft:weathered_cut_copper":1,"treechop:chopped_log":1,"minecraft:bookshelf":2,"minecraft:cyan_carpet":1,"minecraft:packed_ice":20,"minecraft:spruce_slab":1,"minecraft:waxed_cut_copper_slab":1,"minecraft:tripwire":1},"minecraft:killed_by":{"minecraft:vindicator":1,"minecraft:husk":1,"minecraft:creeper":1,"darkestsouls:cloaked_beast_patient":1,"minecraft:zombie":2,"born_in_chaos_v1:door_knight":1,"darkestsouls:ashen_blood_beast_patient":1}},"DataVersion":3465}