{"stats":{"minecraft:killed_by":{"minecraft:husk":1,"minecraft:zombified_piglin":1,"minecraft:creeper":1,"darkestsouls:cloaked_beast_patient":1,"alexsmobs:straddler":1,"darkestsouls:ashen_blood_beast_patient":1,"minecraft:vindicator":1,"monsterplus:mother_lava_squid":1,"minecraft:blaze":1,"minecraft:zombie":2,"born_in_chaos_v1:door_knight":1},"minecraft:crafted":{"minecraft:chest":1,"minecraft:diamond_boots":1,"minecraft:spruce_boat":3,"regions_unexplored:alpha_planks":16,"minecraft:diamond_sword":1,"minecraft:crafting_table":4,"minecraft:spruce_planks":60,"minecraft:stick":4,"minecraft:iron_pickaxe":1,"minecraft:wooden_axe":1},"minecraft:mined":{"minecraft:spruce_planks":4,"minecraft:ladder":1,"minecraft:weathered_copper":1,"regions_unexplored:alpha_log":1,"minecraft:spawner":4,"minecraft:polished_blackstone_bricks":35,"minecraft:fire":3,"treechop:chopped_log":2,"minecraft:gold_block":1,"minecraft:bookshelf":2,"minecraft:packed_ice":20,"minecraft:tripwire":1,"minecraft:spruce_slab":1,"minecraft:basalt":3,"regions_unexplored:mycotoxic_moss":6,"minecraft:powder_snow":6,"minecraft:oxidized_cut_copper_stairs":1,"ecologics:thin_ice":1,"minecraft:nether_brick_slab":1,"minecraft:cobblestone":19,"minecraft:spruce_stairs":1,"realmrpg_skeletons:bow_skeleton":1,"regions_unexplored:alpha_grass_block":13,"regions_unexplored:redstone_bud":1,"minecraft:sweet_berry_bush":17,"minecraft:ice":5,"minecraft:spruce_log":2,"minecraft:weathered_cut_copper":1,"realmrpg_skeletons:acrobat_skeleton":1,"minecraft:stone_brick_stairs":3,"minecraft:cyan_carpet":1,"minecraft:gravel":1,"minecraft:dirt":2,"regions_unexplored:alpha_leaves":9,"minecraft:stone_bricks":1,"minecraft:netherrack":23,"regions_unexplored:glistering_nylium":6,"regions_unexplored:mycotoxic_grass":1,"minecraft:waxed_cut_copper_slab":1},"minecraft:used":{"minecraft:flint_and_steel":1,"minecraft:chest":1,"minecraft:ladder":1,"minecraft:spruce_planks":10,"minecraft:iron_sword":21,"minecraft:shield":8,"minecraft:rotten_flesh":2,"minecraft:netherrack":10,"minecraft:dirt":12,"minecraft:obsidian":2,"minecraft:spruce_boat":3,"minecraft:packed_ice":3,"minecraft:wooden_axe":5,"minecraft:lava_bucket":4,"minecraft:sweet_berries":39,"minecraft:iron_leggings":1,"minecraft:water_bucket":7,"minecraft:diamond_boots":1,"minecraft:bundle":2,"minecraft:ender_pearl":2,"simplyswords:diamond_halberd":290,"minecraft:cookie":5,"simplyswords:bramblethorn":23,"minecraft:golden_apple":1,"darkestsouls:battle_axe":27,"minecraft:crafting_table":4,"minecraft:apple":4,"minecraft:string":1,"minecraft:iron_pickaxe":127,"minecraft:bread":18,"minecraft:fishing_rod":2,"minecraft:diamond_sword":164,"minecraft:cobblestone":7,"minecraft:chainmail_boots":1,"minecraft:cooked_porkchop":2,"minecraft:bucket":11},"minecraft:picked_up":{"minecraft:fishing_rod":1,"minecraft:iron_chestplate":1,"regions_unexplored:mycotoxic_grass":2,"minecraft:ladder":1,"born_in_chaos_v1:seedof_chaos":1,"regions_unexplored:glistering_sprout":1,"minecraft:gold_block":1,"minecraft:enchanted_book":3,"minecraft:stone_brick_stairs":3,"minecraft:chain":1,"darkestsouls:kukri":1,"minecraft:shield":4,"minecraft:golden_sword":2,"minecraft:string":5,"minecraft:waxed_cut_copper_slab":1,"regions_unexplored:alpha_sapling":5,"minecraft:item_frame":3,"minecraft:armor_stand":1,"minecraft:cyan_carpet":2,"irons_spellbooks:arcane_essence":4,"minecraft:gold_nugget":14,"minecraft:spruce_planks":3,"born_in_chaos_v1:gnawed_bones":1,"irons_spellbooks:epic_ink":1,"minecraft:iron_nugget":10,"minecraft:spruce_slab":1,"solarcraft:solar_lexicon":1,"minecraft:tipped_arrow":1,"minecraft:stick":8,"apotheosis:gem":13,"born_in_chaos_v1:shattered_skull":1,"darkestsouls:soul_fragment":5,"darkestsouls:torn_cloth_piece":6,"minecraft:acacia_log":1,"minecraft:spruce_stairs":1,"alexsmobs:straddlite":1,"minecraft:polished_blackstone_bricks":33,"minecraft:cookie":3,"minecraft:redstone":1,"minecraft:arrow":15,"minecraft:tube_coral":1,"minecraft:rotten_flesh":24,"mokels_adventure:bloody_tear":1,"minecraft:diamond_chestplate":1,"simplyswords:diamond_halberd":2,"minecraft:tropical_fish":1,"ars_nouveau:worn_notebook":1,"minecraft:carved_pumpkin":3,"duckensinvasion:duck_feather":5,"born_in_chaos_v1:spiny_shell":1,"regions_unexplored:alpha_log":5,"minecraft:iron_bars":1,"minecraft:snowball":16,"minecraft:blaze_powder":2,"minecraft:cobblestone":12,"born_in_chaos_v1:corpse_maggot":21,"minecraft:oxidized_cut_copper_stairs":1,"minecraft:basalt":7,"minecraft:water_bucket":2,"minecraft:leather":2,"realmrpg_creep:creeping_sprout":6,"darkestsouls:battle_axe":2,"minecraft:gunpowder":4,"minecraft:dirt":14,"minecraft:paper":1,"minecraft:weathered_cut_copper":1,"born_in_chaos_v1:monster_skin":1,"minecraft:bone":18,"minecraft:stone_bricks":2,"minecraft:bow":2,"theoneprobe:probenote":1,"darkestsouls:rusty_metal_scrap":1,"minecraft:iron_sword":1,"minecraft:book":3,"regions_unexplored:mycotoxic_mushrooms":4,"minecraft:cooked_porkchop":6,"irons_spellbooks:frozen_bone":1,"minecraft:sweet_berries":33,"patchouli:guide_book":2,"minecraft:stone_brick_slab":1,"born_in_chaos_v1:ethereal_spirit":5,"minecraft:weathered_copper":1,"minecraft:gravel":1,"minecraft:spruce_sapling":10,"minecraft:spruce_log":16,"minecraft:nether_brick_slab":1,"minecraft:spider_eye":1,"minecraft:mossy_stone_brick_slab":1,"alexsmobs:animal_dictionary":1,"lootbag:loot_bag":3,"minecraft:pumpkin_seeds":1,"minecraft:slime_ball":1,"minecraft:diamond":3,"minecraft:soul_lantern":1,"minecraft:iron_helmet":1,"minecraft:emerald":54,"darkestsouls:small_soul_fragment":14,"darkestsouls:torn_leather_scrap":1,"minecraft:netherrack":33,"minecraft:coal":2,"minecraft:ender_pearl":2},"minecraft:custom":{"lootr:looted_stat":16,"minecraft:mob_kills":201,"minecraft:interact_with_crafting_table":6,"minecraft:open_barrel":14,"minecraft:damage_dealt_resisted":998,"minecraft:leave_game":5,"minecraft:time_since_death":2258,"minecraft:climb_one_cm":1020,"minecraft:damage_resisted":0,"minecraft:walk_one_cm":525952,"minecraft:sprint_one_cm":308185,"minecraft:damage_blocked_by_shield":220,"minecraft:drop":77,"minecraft:talked_to_villager":1,"minecraft:play_time":114821,"minecraft:sneak_time":2831,"minecraft:deaths":14,"minecraft:walk_under_water_one_cm":6326,"minecraft:jump":1981,"minecraft:interact_with_blast_furnace":2,"minecraft:walk_on_water_one_cm":7205,"minecraft:total_world_time":114821,"spartanshields:shield_bash_hits":1,"minecraft:sleep_in_bed":2,"minecraft:time_since_rest":2294,"minecraft:damage_absorbed":41,"minecraft:damage_taken":5320,"minecraft:damage_dealt":42262,"minecraft:swim_one_cm":218,"minecraft:fly_one_cm":345603,"minecraft:open_chest":3,"minecraft:crouch_one_cm":8204,"minecraft:fall_one_cm":25431},"minecraft:dropped":{"minecraft:enchanted_book":1,"minecraft:water_bucket":1,"minecraft:ender_pearl":2,"regions_unexplored:alpha_log":1,"darkestsouls:small_soul_fragment":2,"minecraft:cobblestone":3,"minecraft:book":3,"minecraft:acacia_log":1,"minecraft:music_disc_13":1,"minecraft:item_frame":2,"minecraft:stick":1,"minecraft:emerald":51,"born_in_chaos_v1:gnawed_bones":1,"ars_nouveau:worn_notebook":1,"minecraft:packed_ice":5,"born_in_chaos_v1:monster_skin":1,"minecraft:snowball":16,"irons_spellbooks:epic_ink":1,"theoneprobe:probenote":1,"irons_spellbooks:arcane_essence":4,"irons_spellbooks:frozen_bone":1,"minecraft:paper":1,"minecraft:string":8,"minecraft:music_disc_cat":1,"minecraft:cyan_carpet":1,"minecraft:spruce_sapling":10,"minecraft:bone":13,"minecraft:armor_stand":1,"minecraft:waxed_cut_copper_slab":1,"minecraft:snow_block":6,"minecraft:gravel":1,"minecraft:nether_brick_slab":1,"alexsmobs:animal_dictionary":1,"darkestsouls:torn_cloth_piece":3,"minecraft:soul_lantern":1,"born_in_chaos_v1:ethereal_spirit":4,"minecraft:name_tag":1,"patchouli:guide_book":2,"minecraft:tipped_arrow":1,"born_in_chaos_v1:seedof_chaos":1,"minecraft:gunpowder":5,"realmrpg_creep:creeping_sprout":4,"minecraft:spruce_planks":2,"darkestsouls:torn_leather_scrap":1,"minecraft:beetroot_seeds":3,"minecraft:blue_ice":7,"born_in_chaos_v1:corpse_maggot":5,"apotheosis:gem":8,"minecraft:carved_pumpkin":2,"minecraft:spider_eye":1,"minecraft:stone_bricks":1,"regions_unexplored:tall_hyacinth_stock":6,"minecraft:arrow":7,"minecraft:bow":1,"solarcraft:solar_lexicon":3,"darkestsouls:soul_fragment":3},"minecraft:killed":{"darkestsouls:hollow_axe":5,"darkestsouls:gravetender_hollow_longsword":3,"duckensinvasion:footsoldier_duck":2,"darkestsouls:church_doctor":2,"irons_spellbooks:summoned_zombie":4,"minecraft:zombified_piglin":27,"born_in_chaos_v1:restless_spirit":3,"mokels_adventure:vyde":2,"born_in_chaos_v1:zombie_lumberjack":1,"realmrpg_creep:halloweed":3,"born_in_chaos_v1:skeleton_demoman":1,"minecraft:spider":5,"duckensinvasion:duck_raid":1,"born_in_chaos_v1:maggot":17,"minecraft:skeleton":5,"duckensinvasion:armoured_duck":6,"darkestsouls:beast_patient":4,"duckensinvasion:archer_duck":2,"alexsmobs:straddler":2,"duckensinvasion:commaner_duckfighting":1,"minecraft:piglin_brute":3,"darkestsouls:hollow_assassin":3,"irons_spellbooks:summoned_skeleton":1,"darkestsouls:hollow_longsword":2,"born_in_chaos_v1:barrel_zombie":1,"born_in_chaos_v1:spiritof_chaos":1,"minecraft:magma_cube":22,"minecraft:piglin":3,"realmrpg_creep:creepling":4,"born_in_chaos_v1:baby_skeleton":3,"born_in_chaos_v1:swarmer":1,"born_in_chaos_v1:bone_imp":2,"alexsmobs:stradpole":2,"irons_spellbooks:necromancer":1,"minecraft:hoglin":6,"darkestsouls:gravetender_hollow_broken_straightsword":4,"minecraft:creeper":4,"born_in_chaos_v1:decrepit_skeleton":3,"born_in_chaos_v1:bloody_gadfly":1,"darkestsouls:hollow_crossbow":6,"minecraft:zombie":6,"born_in_chaos_v1:dread_hound":1,"born_in_chaos_v1:corpse_fly":11,"minecraft:stray":2,"darkestsouls:cloaked_beast_patient":6,"monsterplus:lava_squid":2}},"DataVersion":3465}