{"stats":{"minecraft:picked_up":{"minecraft:book":3,"solarcraft:solar_lexicon":1,"minecraft:fishing_rod":1,"minecraft:stick":4,"apotheosis:gem":3,"darkestsouls:soul_fragment":2,"minecraft:sweet_berries":33,"minecraft:water_bucket":2,"darkestsouls:torn_cloth_piece":1,"patchouli:guide_book":2,"born_in_chaos_v1:ethereal_spirit":1,"minecraft:enchanted_book":3,"minecraft:spruce_sapling":10,"minecraft:spruce_log":15,"minecraft:nether_brick_slab":1,"minecraft:spider_eye":1,"alexsmobs:animal_dictionary":1,"minecraft:waxed_cut_copper_slab":1,"minecraft:armor_stand":1,"minecraft:item_frame":3,"minecraft:arrow":2,"minecraft:bone":3,"minecraft:cyan_carpet":2,"minecraft:diamond":3,"minecraft:soul_lantern":1,"ars_nouveau:worn_notebook":1,"theoneprobe:probenote":1,"minecraft:carved_pumpkin":1,"minecraft:emerald":3,"minecraft:tipped_arrow":1},"minecraft:used":{"minecraft:packed_ice":3,"minecraft:diamond_boots":1,"minecraft:iron_pickaxe":2,"minecraft:ender_pearl":1,"minecraft:diamond_sword":57,"minecraft:sweet_berries":30,"minecraft:crafting_table":1,"minecraft:chainmail_boots":1},"minecraft:killed":{"darkestsouls:church_doctor":2,"realmrpg_creep:creepling":1,"born_in_chaos_v1:restless_spirit":1,"born_in_chaos_v1:baby_skeleton":1,"minecraft:stray":2,"minecraft:spider":1,"darkestsouls:hollow_axe":1},"minecraft:dropped":{"ars_nouveau:worn_notebook":1,"alexsmobs:animal_dictionary":1,"minecraft:soul_lantern":1,"theoneprobe:probenote":1,"minecraft:book":3,"solarcraft:solar_lexicon":1,"patchouli:guide_book":1,"minecraft:armor_stand":1,"minecraft:enchanted_book":1},"minecraft:crafted":{"minecraft:diamond_sword":1,"minecraft:crafting_table":1,"minecraft:spruce_planks":60,"minecraft:iron_pickaxe":1,"minecraft:diamond_boots":1},"minecraft:custom":{"minecraft:time_since_rest":4439,"lootr:looted_stat":6,"minecraft:sprint_one_cm":108410,"minecraft:damage_taken":1548,"minecraft:walk_one_cm":116614,"minecraft:mob_kills":9,"minecraft:drop":11,"minecraft:damage_dealt":2984,"minecraft:swim_one_cm":218,"minecraft:interact_with_crafting_table":3,"minecraft:fly_one_cm":144506,"minecraft:crouch_one_cm":6269,"minecraft:play_time":31793,"minecraft:deaths":5,"minecraft:sneak_time":2097,"minecraft:walk_under_water_one_cm":4158,"minecraft:damage_dealt_resisted":0,"minecraft:jump":541,"minecraft:interact_with_blast_furnace":1,"minecraft:leave_game":2,"minecraft:time_since_death":4408,"minecraft:walk_on_water_one_cm":1561,"minecraft:total_world_time":31793,"minecraft:fall_one_cm":10632},"minecraft:mined":{"minecraft:sweet_berry_bush":17,"minecraft:ice":4,"minecraft:spruce_log":1,"minecraft:powder_snow":6,"treechop:chopped_log":1,"minecraft:bookshelf":2,"minecraft:nether_brick_slab":1,"minecraft:cyan_carpet":1,"minecraft:waxed_cut_copper_slab":1},"minecraft:killed_by":{"minecraft:husk":1,"born_in_chaos_v1:door_knight":1,"minecraft:zombie":2}},"DataVersion":3465}